{
  "da_prices": {
    "rows": 16800,
    "gaps": 0,
    "negative_share": 0.0023214285714285715,
    "by_regime": {
      "swcap5000": {
        "rows": 16800,
        "min_price": -2.85,
        "max_price": 2221.48,
        "above_cap": 0
      }
    }
  },
  "rt_prices": {
    "rows": 67200,
    "gaps": 0,
    "negative_share": 0.02482142857142857,
    "by_regime": {
      "swcap5000": {
        "rows": 67200,
        "min_price": -37.65,
        "max_price": 4964.84,
        "above_cap": 0
      }
    }
  },
  "load": {
    "rows": 16800,
    "gaps": 0,
    "min": 35130.11022949218,
    "max": 87054.54956054688
  },
  "weather": {
    "rows": 16800,
    "gaps": 0,
    "min": -8.364583333333334,
    "max": 40.385416666666664
  }
}